POIID,max(dist),count(dist),density
POI3,20.155377791591437,8821,6.911718842827215
