POIID,max(dist),count(dist),density
POI4,192.7049913074258,427,0.00366009261696348
