POIID,max(dist),count(dist),density
POI1,24.851937229893878,8725,4.496711933878291
