POIID,avg(dist),stddev_samp(dist)
POI3,5.53791913965546,2.8587108750939816
