POIID,avg(dist),stddev_samp(dist)
POI4,8.522389808711115,27.33458316385116
