POIID,avg(dist),stddev_samp(dist)
POI1,3.3531117689402175,3.8496400815971286
